Country Name,Country Code,Series Name,Series Code,2021 [YR2021]
Afghanistan,AFG,"GNI per capita, PPP (constant 2021 international $)",NY.GNP.PCAP.PP.KD,2157.11181691798
Albania,ALB,"GNI per capita, PPP (constant 2021 international $)",NY.GNP.PCAP.PP.KD,15903.618305645
Algeria,DZA,"GNI per capita, PPP (constant 2021 international $)",NY.GNP.PCAP.PP.KD,14213.3048846058
American Samoa,ASM,"GNI per capita, PPP (constant 2021 international $)",NY.GNP.PCAP.PP.KD,..
Andorra,AND,"GNI per capita, PPP (constant 2021 international $)",NY.GNP.PCAP.PP.KD,63828.5051461807
Angola,AGO,"GNI per capita, PPP (constant 2021 international $)",NY.GNP.PCAP.PP.KD,6800.61330666193
Antigua and Barbuda,ATG,"GNI per capita, PPP (constant 2021 international $)",NY.GNP.PCAP.PP.KD,24861.3711478501
Argentina,ARG,"GNI per capita, PPP (constant 2021 international $)",NY.GNP.PCAP.PP.KD,25772.618386908
Armenia,ARM,"GNI per capita, PPP (constant 2021 international $)",NY.GNP.PCAP.PP.KD,15464.0086707675
Aruba,ABW,"GNI per capita, PPP (constant 2021 international $)",NY.GNP.PCAP.PP.KD,34420.7541477901
Australia,AUS,"GNI per capita, PPP (constant 2021 international $)",NY.GNP.PCAP.PP.KD,57529.6963400824
Austria,AUT,"GNI per capita, PPP (constant 2021 international $)",NY.GNP.PCAP.PP.KD,64007.5433360827
Azerbaijan,AZE,"GNI per capita, PPP (constant 2021 international $)",NY.GNP.PCAP.PP.KD,19693.9063534123
"Bahamas, The",BHS,"GNI per capita, PPP (constant 2021 international $)",NY.GNP.PCAP.PP.KD,29228.3638661655
Bahrain,BHR,"GNI per capita, PPP (constant 2021 international $)",NY.GNP.PCAP.PP.KD,51553.0939020486
Bangladesh,BGD,"GNI per capita, PPP (constant 2021 international $)",NY.GNP.PCAP.PP.KD,7832.73091628663
Barbados,BRB,"GNI per capita, PPP (constant 2021 international $)",NY.GNP.PCAP.PP.KD,15398.4659740752
Belarus,BLR,"GNI per capita, PPP (constant 2021 international $)",NY.GNP.PCAP.PP.KD,26597.539831446
Belgium,BEL,"GNI per capita, PPP (constant 2021 international $)",NY.GNP.PCAP.PP.KD,61448.5246577079
Belize,BLZ,"GNI per capita, PPP (constant 2021 international $)",NY.GNP.PCAP.PP.KD,11301.5032575717
Benin,BEN,"GNI per capita, PPP (constant 2021 international $)",NY.GNP.PCAP.PP.KD,3427.21137670351
Bermuda,BMU,"GNI per capita, PPP (constant 2021 international $)",NY.GNP.PCAP.PP.KD,96262.1573483182
Bhutan,BTN,"GNI per capita, PPP (constant 2021 international $)",NY.GNP.PCAP.PP.KD,12697.5526242547
Bolivia,BOL,"GNI per capita, PPP (constant 2021 international $)",NY.GNP.PCAP.PP.KD,9213.40993667117
Bosnia and Herzegovina,BIH,"GNI per capita, PPP (constant 2021 international $)",NY.GNP.PCAP.PP.KD,18053.1155571506
Botswana,BWA,"GNI per capita, PPP (constant 2021 international $)",NY.GNP.PCAP.PP.KD,17996.4342503299
Brazil,BRA,"GNI per capita, PPP (constant 2021 international $)",NY.GNP.PCAP.PP.KD,17511.7648105761
British Virgin Islands,VGB,"GNI per capita, PPP (constant 2021 international $)",NY.GNP.PCAP.PP.KD,..
Brunei Darussalam,BRN,"GNI per capita, PPP (constant 2021 international $)",NY.GNP.PCAP.PP.KD,78749.7516275697
Bulgaria,BGR,"GNI per capita, PPP (constant 2021 international $)",NY.GNP.PCAP.PP.KD,29735.7064292229
Burkina Faso,BFA,"GNI per capita, PPP (constant 2021 international $)",NY.GNP.PCAP.PP.KD,2369.87723376336
Burundi,BDI,"GNI per capita, PPP (constant 2021 international $)",NY.GNP.PCAP.PP.KD,839.11202248885
Cabo Verde,CPV,"GNI per capita, PPP (constant 2021 international $)",NY.GNP.PCAP.PP.KD,7579.20243154642
Cambodia,KHM,"GNI per capita, PPP (constant 2021 international $)",NY.GNP.PCAP.PP.KD,5973.4221548824
Cameroon,CMR,"GNI per capita, PPP (constant 2021 international $)",NY.GNP.PCAP.PP.KD,4715.73937106399
Canada,CAN,"GNI per capita, PPP (constant 2021 international $)",NY.GNP.PCAP.PP.KD,56471.2680552037
Cayman Islands,CYM,"GNI per capita, PPP (constant 2021 international $)",NY.GNP.PCAP.PP.KD,57128.4704817094
Central African Republic,CAF,"GNI per capita, PPP (constant 2021 international $)",NY.GNP.PCAP.PP.KD,1205.55490803321
Chad,TCD,"GNI per capita, PPP (constant 2021 international $)",NY.GNP.PCAP.PP.KD,2409.94747857809
Channel Islands,CHI,"GNI per capita, PPP (constant 2021 international $)",NY.GNP.PCAP.PP.KD,..
Chile,CHL,"GNI per capita, PPP (constant 2021 international $)",NY.GNP.PCAP.PP.KD,27443.5912571364
China,CHN,"GNI per capita, PPP (constant 2021 international $)",NY.GNP.PCAP.PP.KD,20701.1336318515
Colombia,COL,"GNI per capita, PPP (constant 2021 international $)",NY.GNP.PCAP.PP.KD,17225.9676087712
Comoros,COM,"GNI per capita, PPP (constant 2021 international $)",NY.GNP.PCAP.PP.KD,3465.75970667032
"Congo, Dem. Rep.",COD,"GNI per capita, PPP (constant 2021 international $)",NY.GNP.PCAP.PP.KD,1266.37130091874
"Congo, Rep.",COG,"GNI per capita, PPP (constant 2021 international $)",NY.GNP.PCAP.PP.KD,5565.87747226461
Costa Rica,CRI,"GNI per capita, PPP (constant 2021 international $)",NY.GNP.PCAP.PP.KD,22320.3287860564
Cote d'Ivoire,CIV,"GNI per capita, PPP (constant 2021 international $)",NY.GNP.PCAP.PP.KD,5859.40175291878
Croatia,HRV,"GNI per capita, PPP (constant 2021 international $)",NY.GNP.PCAP.PP.KD,36752.8385478053
Cuba,CUB,"GNI per capita, PPP (constant 2021 international $)",NY.GNP.PCAP.PP.KD,..
Curacao,CUW,"GNI per capita, PPP (constant 2021 international $)",NY.GNP.PCAP.PP.KD,25455.971809432
Cyprus,CYP,"GNI per capita, PPP (constant 2021 international $)",NY.GNP.PCAP.PP.KD,44460.59375
Czechia,CZE,"GNI per capita, PPP (constant 2021 international $)",NY.GNP.PCAP.PP.KD,46397.1801409687
Denmark,DNK,"GNI per capita, PPP (constant 2021 international $)",NY.GNP.PCAP.PP.KD,72467.5460674831
Djibouti,DJI,"GNI per capita, PPP (constant 2021 international $)",NY.GNP.PCAP.PP.KD,5854.10600977132
Dominica,DMA,"GNI per capita, PPP (constant 2021 international $)",NY.GNP.PCAP.PP.KD,15823.1205251188
Dominican Republic,DOM,"GNI per capita, PPP (constant 2021 international $)",NY.GNP.PCAP.PP.KD,20958.234627322
Ecuador,ECU,"GNI per capita, PPP (constant 2021 international $)",NY.GNP.PCAP.PP.KD,13289.0897697124
"Egypt, Arab Rep.",EGY,"GNI per capita, PPP (constant 2021 international $)",NY.GNP.PCAP.PP.KD,15124.1534087455
El Salvador,SLV,"GNI per capita, PPP (constant 2021 international $)",NY.GNP.PCAP.PP.KD,10181.4481286696
Equatorial Guinea,GNQ,"GNI per capita, PPP (constant 2021 international $)",NY.GNP.PCAP.PP.KD,12596.6073105421
Eritrea,ERI,"GNI per capita, PPP (constant 2021 international $)",NY.GNP.PCAP.PP.KD,..
Estonia,EST,"GNI per capita, PPP (constant 2021 international $)",NY.GNP.PCAP.PP.KD,43275.7490229793
Eswatini,SWZ,"GNI per capita, PPP (constant 2021 international $)",NY.GNP.PCAP.PP.KD,9192.62127941734
Ethiopia,ETH,"GNI per capita, PPP (constant 2021 international $)",NY.GNP.PCAP.PP.KD,2575.0683146198
Faroe Islands,FRO,"GNI per capita, PPP (constant 2021 international $)",NY.GNP.PCAP.PP.KD,70122.4234310895
Fiji,FJI,"GNI per capita, PPP (constant 2021 international $)",NY.GNP.PCAP.PP.KD,10063.921475906
Finland,FIN,"GNI per capita, PPP (constant 2021 international $)",NY.GNP.PCAP.PP.KD,57709.0162742705
France,FRA,"GNI per capita, PPP (constant 2021 international $)",NY.GNP.PCAP.PP.KD,54159.9114896693
French Polynesia,PYF,"GNI per capita, PPP (constant 2021 international $)",NY.GNP.PCAP.PP.KD,..
Gabon,GAB,"GNI per capita, PPP (constant 2021 international $)",NY.GNP.PCAP.PP.KD,16244.3443500256
"Gambia, The",GMB,"GNI per capita, PPP (constant 2021 international $)",NY.GNP.PCAP.PP.KD,2708.31498170682
Georgia,GEO,"GNI per capita, PPP (constant 2021 international $)",NY.GNP.PCAP.PP.KD,17737.2159812259
Germany,DEU,"GNI per capita, PPP (constant 2021 international $)",NY.GNP.PCAP.PP.KD,64644.7584960713
Ghana,GHA,"GNI per capita, PPP (constant 2021 international $)",NY.GNP.PCAP.PP.KD,6405.09191582767
Gibraltar,GIB,"GNI per capita, PPP (constant 2021 international $)",NY.GNP.PCAP.PP.KD,..
Greece,GRC,"GNI per capita, PPP (constant 2021 international $)",NY.GNP.PCAP.PP.KD,33291.8252392217
Greenland,GRL,"GNI per capita, PPP (constant 2021 international $)",NY.GNP.PCAP.PP.KD,..
Grenada,GRD,"GNI per capita, PPP (constant 2021 international $)",NY.GNP.PCAP.PP.KD,13951.9754775564
Guam,GUM,"GNI per capita, PPP (constant 2021 international $)",NY.GNP.PCAP.PP.KD,..
Guatemala,GTM,"GNI per capita, PPP (constant 2021 international $)",NY.GNP.PCAP.PP.KD,11532.9104644736
Guinea,GIN,"GNI per capita, PPP (constant 2021 international $)",NY.GNP.PCAP.PP.KD,3587.62955792774
Guinea-Bissau,GNB,"GNI per capita, PPP (constant 2021 international $)",NY.GNP.PCAP.PP.KD,2506.30001169809
Guyana,GUY,"GNI per capita, PPP (constant 2021 international $)",NY.GNP.PCAP.PP.KD,18312.5742917268
Haiti,HTI,"GNI per capita, PPP (constant 2021 international $)",NY.GNP.PCAP.PP.KD,3138.46572259237
Honduras,HND,"GNI per capita, PPP (constant 2021 international $)",NY.GNP.PCAP.PP.KD,5679.99817189819
"Hong Kong SAR, China",HKG,"GNI per capita, PPP (constant 2021 international $)",NY.GNP.PCAP.PP.KD,70450.3381456266
Hungary,HUN,"GNI per capita, PPP (constant 2021 international $)",NY.GNP.PCAP.PP.KD,37727.2719258011
Iceland,ISL,"GNI per capita, PPP (constant 2021 international $)",NY.GNP.PCAP.PP.KD,61705.3991597158
India,IND,"GNI per capita, PPP (constant 2021 international $)",NY.GNP.PCAP.PP.KD,7955.24698385282
Indonesia,IDN,"GNI per capita, PPP (constant 2021 international $)",NY.GNP.PCAP.PP.KD,12410.73655944
"Iran, Islamic Rep.",IRN,"GNI per capita, PPP (constant 2021 international $)",NY.GNP.PCAP.PP.KD,14946.9450452694
Iraq,IRQ,"GNI per capita, PPP (constant 2021 international $)",NY.GNP.PCAP.PP.KD,12606.4226495147
Ireland,IRL,"GNI per capita, PPP (constant 2021 international $)",NY.GNP.PCAP.PP.KD,83553.0855401658
Isle of Man,IMN,"GNI per capita, PPP (constant 2021 international $)",NY.GNP.PCAP.PP.KD,..
Israel,ISR,"GNI per capita, PPP (constant 2021 international $)",NY.GNP.PCAP.PP.KD,45798.5229535551
Italy,ITA,"GNI per capita, PPP (constant 2021 international $)",NY.GNP.PCAP.PP.KD,50378.02714267
Jamaica,JAM,"GNI per capita, PPP (constant 2021 international $)",NY.GNP.PCAP.PP.KD,9303.65390063523
Japan,JPN,"GNI per capita, PPP (constant 2021 international $)",NY.GNP.PCAP.PP.KD,46472.2651065561
Jordan,JOR,"GNI per capita, PPP (constant 2021 international $)",NY.GNP.PCAP.PP.KD,9136.54209984611
Kazakhstan,KAZ,"GNI per capita, PPP (constant 2021 international $)",NY.GNP.PCAP.PP.KD,28902.8491264316
Kenya,KEN,"GNI per capita, PPP (constant 2021 international $)",NY.GNP.PCAP.PP.KD,5264.44108569531
Kiribati,KIR,"GNI per capita, PPP (constant 2021 international $)",NY.GNP.PCAP.PP.KD,4730.78905004494
"Korea, Dem. People's Rep.",PRK,"GNI per capita, PPP (constant 2021 international $)",NY.GNP.PCAP.PP.KD,..
"Korea, Rep.",KOR,"GNI per capita, PPP (constant 2021 international $)",NY.GNP.PCAP.PP.KD,48964.6264908185
Kosovo,XKX,"GNI per capita, PPP (constant 2021 international $)",NY.GNP.PCAP.PP.KD,12597.5755757847
Kuwait,KWT,"GNI per capita, PPP (constant 2021 international $)",NY.GNP.PCAP.PP.KD,58893.1976867929
Kyrgyz Republic,KGZ,"GNI per capita, PPP (constant 2021 international $)",NY.GNP.PCAP.PP.KD,5350.54443481341
Lao PDR,LAO,"GNI per capita, PPP (constant 2021 international $)",NY.GNP.PCAP.PP.KD,7620.24843935199
Latvia,LVA,"GNI per capita, PPP (constant 2021 international $)",NY.GNP.PCAP.PP.KD,36222.6807279013
Lebanon,LBN,"GNI per capita, PPP (constant 2021 international $)",NY.GNP.PCAP.PP.KD,10650.6595402764
Lesotho,LSO,"GNI per capita, PPP (constant 2021 international $)",NY.GNP.PCAP.PP.KD,2968.25163235752
Liberia,LBR,"GNI per capita, PPP (constant 2021 international $)",NY.GNP.PCAP.PP.KD,1443.67262728265
Libya,LBY,"GNI per capita, PPP (constant 2021 international $)",NY.GNP.PCAP.PP.KD,12411.5853501835
Liechtenstein,LIE,"GNI per capita, PPP (constant 2021 international $)",NY.GNP.PCAP.PP.KD,..
Lithuania,LTU,"GNI per capita, PPP (constant 2021 international $)",NY.GNP.PCAP.PP.KD,44335.3184030279
Luxembourg,LUX,"GNI per capita, PPP (constant 2021 international $)",NY.GNP.PCAP.PP.KD,92640.933491288
"Macao SAR, China",MAC,"GNI per capita, PPP (constant 2021 international $)",NY.GNP.PCAP.PP.KD,73966.7016959865
Madagascar,MDG,"GNI per capita, PPP (constant 2021 international $)",NY.GNP.PCAP.PP.KD,1548.86653147197
Malawi,MWI,"GNI per capita, PPP (constant 2021 international $)",NY.GNP.PCAP.PP.KD,1636.88804609079
Malaysia,MYS,"GNI per capita, PPP (constant 2021 international $)",NY.GNP.PCAP.PP.KD,29011.1261586983
Maldives,MDV,"GNI per capita, PPP (constant 2021 international $)",NY.GNP.PCAP.PP.KD,17110.9944689694
Mali,MLI,"GNI per capita, PPP (constant 2021 international $)",NY.GNP.PCAP.PP.KD,2696.14651712853
Malta,MLT,"GNI per capita, PPP (constant 2021 international $)",NY.GNP.PCAP.PP.KD,49635.5386065323
Marshall Islands,MHL,"GNI per capita, PPP (constant 2021 international $)",NY.GNP.PCAP.PP.KD,7350.82042396781
Mauritania,MRT,"GNI per capita, PPP (constant 2021 international $)",NY.GNP.PCAP.PP.KD,5744.05819664614
Mauritius,MUS,"GNI per capita, PPP (constant 2021 international $)",NY.GNP.PCAP.PP.KD,25275.1876485484
Mexico,MEX,"GNI per capita, PPP (constant 2021 international $)",NY.GNP.PCAP.PP.KD,20245.5629225286
"Micronesia, Fed. Sts.",FSM,"GNI per capita, PPP (constant 2021 international $)",NY.GNP.PCAP.PP.KD,4404.95569313693
Moldova,MDA,"GNI per capita, PPP (constant 2021 international $)",NY.GNP.PCAP.PP.KD,15987.3307209523
Monaco,MCO,"GNI per capita, PPP (constant 2021 international $)",NY.GNP.PCAP.PP.KD,..
Mongolia,MNG,"GNI per capita, PPP (constant 2021 international $)",NY.GNP.PCAP.PP.KD,12632.6509099782
Montenegro,MNE,"GNI per capita, PPP (constant 2021 international $)",NY.GNP.PCAP.PP.KD,24334.3574557863
Morocco,MAR,"GNI per capita, PPP (constant 2021 international $)",NY.GNP.PCAP.PP.KD,8504.3359375
Mozambique,MOZ,"GNI per capita, PPP (constant 2021 international $)",NY.GNP.PCAP.PP.KD,1426.60383172849
Myanmar,MMR,"GNI per capita, PPP (constant 2021 international $)",NY.GNP.PCAP.PP.KD,5096.69887498233
Namibia,NAM,"GNI per capita, PPP (constant 2021 international $)",NY.GNP.PCAP.PP.KD,9342.49591683852
Nauru,NRU,"GNI per capita, PPP (constant 2021 international $)",NY.GNP.PCAP.PP.KD,18332.1608106014
Nepal,NPL,"GNI per capita, PPP (constant 2021 international $)",NY.GNP.PCAP.PP.KD,4570.55138472303
Netherlands,NLD,"GNI per capita, PPP (constant 2021 international $)",NY.GNP.PCAP.PP.KD,69406.2466277066
New Caledonia,NCL,"GNI per capita, PPP (constant 2021 international $)",NY.GNP.PCAP.PP.KD,..
New Zealand,NZL,"GNI per capita, PPP (constant 2021 international $)",NY.GNP.PCAP.PP.KD,46691.9471740293
Nicaragua,NIC,"GNI per capita, PPP (constant 2021 international $)",NY.GNP.PCAP.PP.KD,6745.449710378
Niger,NER,"GNI per capita, PPP (constant 2021 international $)",NY.GNP.PCAP.PP.KD,1614.65410566911
Nigeria,NGA,"GNI per capita, PPP (constant 2021 international $)",NY.GNP.PCAP.PP.KD,5384.77783291057
North Macedonia,MKD,"GNI per capita, PPP (constant 2021 international $)",NY.GNP.PCAP.PP.KD,21171.225572979
Northern Mariana Islands,MNP,"GNI per capita, PPP (constant 2021 international $)",NY.GNP.PCAP.PP.KD,..
Norway,NOR,"GNI per capita, PPP (constant 2021 international $)",NY.GNP.PCAP.PP.KD,88781.5339500234
Oman,OMN,"GNI per capita, PPP (constant 2021 international $)",NY.GNP.PCAP.PP.KD,36046.3677083794
Pakistan,PAK,"GNI per capita, PPP (constant 2021 international $)",NY.GNP.PCAP.PP.KD,5299.51216653953
Palau,PLW,"GNI per capita, PPP (constant 2021 international $)",NY.GNP.PCAP.PP.KD,16308.1119456622
Panama,PAN,"GNI per capita, PPP (constant 2021 international $)",NY.GNP.PCAP.PP.KD,29100.5097806932
Papua New Guinea,PNG,"GNI per capita, PPP (constant 2021 international $)",NY.GNP.PCAP.PP.KD,3734.73135842238
Paraguay,PRY,"GNI per capita, PPP (constant 2021 international $)",NY.GNP.PCAP.PP.KD,14834.9001806131
Peru,PER,"GNI per capita, PPP (constant 2021 international $)",NY.GNP.PCAP.PP.KD,14099.1579334894
Philippines,PHL,"GNI per capita, PPP (constant 2021 international $)",NY.GNP.PCAP.PP.KD,9172.83965670689
Poland,POL,"GNI per capita, PPP (constant 2021 international $)",NY.GNP.PCAP.PP.KD,39255.3047674688
Portugal,PRT,"GNI per capita, PPP (constant 2021 international $)",NY.GNP.PCAP.PP.KD,38273.5197542471
Puerto Rico (US),PRI,"GNI per capita, PPP (constant 2021 international $)",NY.GNP.PCAP.PP.KD,27956.6721253197
Qatar,QAT,"GNI per capita, PPP (constant 2021 international $)",NY.GNP.PCAP.PP.KD,115036.573456824
Romania,ROU,"GNI per capita, PPP (constant 2021 international $)",NY.GNP.PCAP.PP.KD,37067.6767578695
Russian Federation,RUS,"GNI per capita, PPP (constant 2021 international $)",NY.GNP.PCAP.PP.KD,37729.7890625
Rwanda,RWA,"GNI per capita, PPP (constant 2021 international $)",NY.GNP.PCAP.PP.KD,2677.65200944941
Samoa,WSM,"GNI per capita, PPP (constant 2021 international $)",NY.GNP.PCAP.PP.KD,6106.06944476128
San Marino,SMR,"GNI per capita, PPP (constant 2021 international $)",NY.GNP.PCAP.PP.KD,58351.7093806976
Sao Tome and Principe,STP,"GNI per capita, PPP (constant 2021 international $)",NY.GNP.PCAP.PP.KD,5762.53946357945
Saudi Arabia,SAU,"GNI per capita, PPP (constant 2021 international $)",NY.GNP.PCAP.PP.KD,63437.6130414836
Senegal,SEN,"GNI per capita, PPP (constant 2021 international $)",NY.GNP.PCAP.PP.KD,4067.24085507015
Serbia,SRB,"GNI per capita, PPP (constant 2021 international $)",NY.GNP.PCAP.PP.KD,22543.8798749365
Seychelles,SYC,"GNI per capita, PPP (constant 2021 international $)",NY.GNP.PCAP.PP.KD,28723.1996162742
Sierra Leone,SLE,"GNI per capita, PPP (constant 2021 international $)",NY.GNP.PCAP.PP.KD,2824.07461073921
Singapore,SGP,"GNI per capita, PPP (constant 2021 international $)",NY.GNP.PCAP.PP.KD,112701.387279776
Sint Maarten (Dutch part),SXM,"GNI per capita, PPP (constant 2021 international $)",NY.GNP.PCAP.PP.KD,39282.9379055599
Slovak Republic,SVK,"GNI per capita, PPP (constant 2021 international $)",NY.GNP.PCAP.PP.KD,37238.301685954
Slovenia,SVN,"GNI per capita, PPP (constant 2021 international $)",NY.GNP.PCAP.PP.KD,45501.6628312425
Solomon Islands,SLB,"GNI per capita, PPP (constant 2021 international $)",NY.GNP.PCAP.PP.KD,2548.11128595063
Somalia,SOM,"GNI per capita, PPP (constant 2021 international $)",NY.GNP.PCAP.PP.KD,1386.29581983091
South Africa,ZAF,"GNI per capita, PPP (constant 2021 international $)",NY.GNP.PCAP.PP.KD,13449.9484951065
South Sudan,SSD,"GNI per capita, PPP (constant 2021 international $)",NY.GNP.PCAP.PP.KD,..
Spain,ESP,"GNI per capita, PPP (constant 2021 international $)",NY.GNP.PCAP.PP.KD,44547.0890684834
Sri Lanka,LKA,"GNI per capita, PPP (constant 2021 international $)",NY.GNP.PCAP.PP.KD,13994.6227893158
St. Kitts and Nevis,KNA,"GNI per capita, PPP (constant 2021 international $)",NY.GNP.PCAP.PP.KD,26038.3038799962
St. Lucia,LCA,"GNI per capita, PPP (constant 2021 international $)",NY.GNP.PCAP.PP.KD,18450.5420353486
St. Martin (French part),MAF,"GNI per capita, PPP (constant 2021 international $)",NY.GNP.PCAP.PP.KD,..
St. Vincent and the Grenadines,VCT,"GNI per capita, PPP (constant 2021 international $)",NY.GNP.PCAP.PP.KD,15896.3852353078
Sudan,SDN,"GNI per capita, PPP (constant 2021 international $)",NY.GNP.PCAP.PP.KD,3121.36645507813
Suriname,SUR,"GNI per capita, PPP (constant 2021 international $)",NY.GNP.PCAP.PP.KD,16122.9848858377
Sweden,SWE,"GNI per capita, PPP (constant 2021 international $)",NY.GNP.PCAP.PP.KD,65081.9600877397
Switzerland,CHE,"GNI per capita, PPP (constant 2021 international $)",NY.GNP.PCAP.PP.KD,78091.8086766356
Syrian Arab Republic,SYR,"GNI per capita, PPP (constant 2021 international $)",NY.GNP.PCAP.PP.KD,4425.99251948986
Tajikistan,TJK,"GNI per capita, PPP (constant 2021 international $)",NY.GNP.PCAP.PP.KD,4798.05412633622
Tanzania,TZA,"GNI per capita, PPP (constant 2021 international $)",NY.GNP.PCAP.PP.KD,3434.17553710938
Thailand,THA,"GNI per capita, PPP (constant 2021 international $)",NY.GNP.PCAP.PP.KD,19539.5732724611
Timor-Leste,TLS,"GNI per capita, PPP (constant 2021 international $)",NY.GNP.PCAP.PP.KD,6521.14220603626
Togo,TGO,"GNI per capita, PPP (constant 2021 international $)",NY.GNP.PCAP.PP.KD,2582.96191097238
Tonga,TON,"GNI per capita, PPP (constant 2021 international $)",NY.GNP.PCAP.PP.KD,7437.94470816895
Trinidad and Tobago,TTO,"GNI per capita, PPP (constant 2021 international $)",NY.GNP.PCAP.PP.KD,29931.7527028124
Tunisia,TUN,"GNI per capita, PPP (constant 2021 international $)",NY.GNP.PCAP.PP.KD,12119.1429472173
Turkiye,TUR,"GNI per capita, PPP (constant 2021 international $)",NY.GNP.PCAP.PP.KD,30929.7318407593
Turkmenistan,TKM,"GNI per capita, PPP (constant 2021 international $)",NY.GNP.PCAP.PP.KD,16332.5779242191
Turks and Caicos Islands,TCA,"GNI per capita, PPP (constant 2021 international $)",NY.GNP.PCAP.PP.KD,25161.8645645412
Tuvalu,TUV,"GNI per capita, PPP (constant 2021 international $)",NY.GNP.PCAP.PP.KD,7218.5776707783
Uganda,UGA,"GNI per capita, PPP (constant 2021 international $)",NY.GNP.PCAP.PP.KD,2626.20232221354
Ukraine,UKR,"GNI per capita, PPP (constant 2021 international $)",NY.GNP.PCAP.PP.KD,17328.275390625
United Arab Emirates,ARE,"GNI per capita, PPP (constant 2021 international $)",NY.GNP.PCAP.PP.KD,67281.7681335764
United Kingdom,GBR,"GNI per capita, PPP (constant 2021 international $)",NY.GNP.PCAP.PP.KD,51309.0834396119
United States,USA,"GNI per capita, PPP (constant 2021 international $)",NY.GNP.PCAP.PP.KD,71767.0587898046
Uruguay,URY,"GNI per capita, PPP (constant 2021 international $)",NY.GNP.PCAP.PP.KD,26476.4313281219
Uzbekistan,UZB,"GNI per capita, PPP (constant 2021 international $)",NY.GNP.PCAP.PP.KD,9290.37392662001
Vanuatu,VUT,"GNI per capita, PPP (constant 2021 international $)",NY.GNP.PCAP.PP.KD,3573.16188332054
"Venezuela, RB",VEN,"GNI per capita, PPP (constant 2021 international $)",NY.GNP.PCAP.PP.KD,..
Viet Nam,VNM,"GNI per capita, PPP (constant 2021 international $)",NY.GNP.PCAP.PP.KD,11432.4693951341
Virgin Islands (U.S.),VIR,"GNI per capita, PPP (constant 2021 international $)",NY.GNP.PCAP.PP.KD,..
West Bank and Gaza,PSE,"GNI per capita, PPP (constant 2021 international $)",NY.GNP.PCAP.PP.KD,6797.46591174044
"Yemen, Rep.",YEM,"GNI per capita, PPP (constant 2021 international $)",NY.GNP.PCAP.PP.KD,..
Zambia,ZMB,"GNI per capita, PPP (constant 2021 international $)",NY.GNP.PCAP.PP.KD,3198.35696552235
Zimbabwe,ZWE,"GNI per capita, PPP (constant 2021 international $)",NY.GNP.PCAP.PP.KD,3112.44663182697
Africa Eastern and Southern,AFE,"GNI per capita, PPP (constant 2021 international $)",NY.GNP.PCAP.PP.KD,3871.94256899066
Africa Western and Central,AFW,"GNI per capita, PPP (constant 2021 international $)",NY.GNP.PCAP.PP.KD,..
Arab World,ARB,"GNI per capita, PPP (constant 2021 international $)",NY.GNP.PCAP.PP.KD,16395.320129339
Caribbean small states,CSS,"GNI per capita, PPP (constant 2021 international $)",NY.GNP.PCAP.PP.KD,..
Central Europe and the Baltics,CEB,"GNI per capita, PPP (constant 2021 international $)",NY.GNP.PCAP.PP.KD,38885.1859260334
Early-demographic dividend,EAR,"GNI per capita, PPP (constant 2021 international $)",NY.GNP.PCAP.PP.KD,10868.2075383524
East Asia & Pacific,EAS,"GNI per capita, PPP (constant 2021 international $)",NY.GNP.PCAP.PP.KD,..
East Asia & Pacific (excluding high income),EAP,"GNI per capita, PPP (constant 2021 international $)",NY.GNP.PCAP.PP.KD,..
East Asia & Pacific (IDA & IBRD countries),TEA,"GNI per capita, PPP (constant 2021 international $)",NY.GNP.PCAP.PP.KD,..
Euro area,EMU,"GNI per capita, PPP (constant 2021 international $)",NY.GNP.PCAP.PP.KD,54604.6069323536
Europe & Central Asia,ECS,"GNI per capita, PPP (constant 2021 international $)",NY.GNP.PCAP.PP.KD,40545.4726942878
Europe & Central Asia (excluding high income),ECA,"GNI per capita, PPP (constant 2021 international $)",NY.GNP.PCAP.PP.KD,..
Europe & Central Asia (IDA & IBRD countries),TEC,"GNI per capita, PPP (constant 2021 international $)",NY.GNP.PCAP.PP.KD,30034.8597847604
European Union,EUU,"GNI per capita, PPP (constant 2021 international $)",NY.GNP.PCAP.PP.KD,52139.8679075051
Fragile and conflict affected situations,FCS,"GNI per capita, PPP (constant 2021 international $)",NY.GNP.PCAP.PP.KD,..
Heavily indebted poor countries (HIPC),HPC,"GNI per capita, PPP (constant 2021 international $)",NY.GNP.PCAP.PP.KD,2988.09593104932
High income,HIC,"GNI per capita, PPP (constant 2021 international $)",NY.GNP.PCAP.PP.KD,55507.0000453129
IBRD only,IBD,"GNI per capita, PPP (constant 2021 international $)",NY.GNP.PCAP.PP.KD,..
IDA & IBRD total,IBT,"GNI per capita, PPP (constant 2021 international $)",NY.GNP.PCAP.PP.KD,..
IDA blend,IDB,"GNI per capita, PPP (constant 2021 international $)",NY.GNP.PCAP.PP.KD,..
IDA only,IDX,"GNI per capita, PPP (constant 2021 international $)",NY.GNP.PCAP.PP.KD,4075.76987698163
IDA total,IDA,"GNI per capita, PPP (constant 2021 international $)",NY.GNP.PCAP.PP.KD,..
Late-demographic dividend,LTE,"GNI per capita, PPP (constant 2021 international $)",NY.GNP.PCAP.PP.KD,..
Latin America & Caribbean,LCN,"GNI per capita, PPP (constant 2021 international $)",NY.GNP.PCAP.PP.KD,18108.4483251814
Latin America & Caribbean (excluding high income),LAC,"GNI per capita, PPP (constant 2021 international $)",NY.GNP.PCAP.PP.KD,17312.0170724455
Latin America & the Caribbean (IDA & IBRD countries),TLA,"GNI per capita, PPP (constant 2021 international $)",NY.GNP.PCAP.PP.KD,17989.1357553276
Least developed countries: UN classification,LDC,"GNI per capita, PPP (constant 2021 international $)",NY.GNP.PCAP.PP.KD,3807.35347805194
Low & middle income,LMY,"GNI per capita, PPP (constant 2021 international $)",NY.GNP.PCAP.PP.KD,..
Low income,LIC,"GNI per capita, PPP (constant 2021 international $)",NY.GNP.PCAP.PP.KD,..
Lower middle income,LMC,"GNI per capita, PPP (constant 2021 international $)",NY.GNP.PCAP.PP.KD,8097.06776962011
"Middle East, North Africa, Afghanistan & Pakistan",MEA,"GNI per capita, PPP (constant 2021 international $)",NY.GNP.PCAP.PP.KD,13577.4536393841
"Middle East, North Africa, Afghanistan & Pakistan (excluding high income)",MNA,"GNI per capita, PPP (constant 2021 international $)",NY.GNP.PCAP.PP.KD,9108.76795795066
"Middle East, North Africa, Afghanistan & Pakistan (IDA & IBRD)",TMN,"GNI per capita, PPP (constant 2021 international $)",NY.GNP.PCAP.PP.KD,9127.09132759297
Middle income,MIC,"GNI per capita, PPP (constant 2021 international $)",NY.GNP.PCAP.PP.KD,..
North America,NAC,"GNI per capita, PPP (constant 2021 international $)",NY.GNP.PCAP.PP.KD,70192.2243658323
Not classified,INX,"GNI per capita, PPP (constant 2021 international $)",NY.GNP.PCAP.PP.KD,..
OECD members,OED,"GNI per capita, PPP (constant 2021 international $)",NY.GNP.PCAP.PP.KD,50085.7261454007
Other small states,OSS,"GNI per capita, PPP (constant 2021 international $)",NY.GNP.PCAP.PP.KD,24197.8247367674
Pacific island small states,PSS,"GNI per capita, PPP (constant 2021 international $)",NY.GNP.PCAP.PP.KD,..
Post-demographic dividend,PST,"GNI per capita, PPP (constant 2021 international $)",NY.GNP.PCAP.PP.KD,56715.3957406193
Pre-demographic dividend,PRE,"GNI per capita, PPP (constant 2021 international $)",NY.GNP.PCAP.PP.KD,..
Small states,SST,"GNI per capita, PPP (constant 2021 international $)",NY.GNP.PCAP.PP.KD,..
South Asia,SAS,"GNI per capita, PPP (constant 2021 international $)",NY.GNP.PCAP.PP.KD,7968.6473540037
South Asia (IDA & IBRD),TSA,"GNI per capita, PPP (constant 2021 international $)",NY.GNP.PCAP.PP.KD,7968.6473540037
Sub-Saharan Africa,SSF,"GNI per capita, PPP (constant 2021 international $)",NY.GNP.PCAP.PP.KD,..
Sub-Saharan Africa (excluding high income),SSA,"GNI per capita, PPP (constant 2021 international $)",NY.GNP.PCAP.PP.KD,..
Sub-Saharan Africa (IDA & IBRD countries),TSS,"GNI per capita, PPP (constant 2021 international $)",NY.GNP.PCAP.PP.KD,..
Upper middle income,UMC,"GNI per capita, PPP (constant 2021 international $)",NY.GNP.PCAP.PP.KD,..
World,WLD,"GNI per capita, PPP (constant 2021 international $)",NY.GNP.PCAP.PP.KD,18151.6203993109
,,,,
,,,,
,,,,
Data from database: World Development Indicators,,,,
Last Updated: 07/01/2025,,,,
Code,License Type,Indicator Name,Long definition,Source,Topic,Dataset,Unit of measure,Periodicity,Base Period,Aggregation method,Statistical concept and methodology,Development relevance,License URL
NY.GNP.PCAP.PP.KD,CC BY-4.0,"GNI per capita, PPP (constant 2017 international $)","This indicator provides values for gross national income (GNI) per person expressed in constant international dollars, converted by purchasing power parities (PPPs). PPPs account for the different price levels across countries and thus PPP-based comparisons of economic output are more appropriate for comparing the output of economies and the average material well-being of their inhabitants than exchange-rate based comparisons. 

Gross national income is the total income earned by all residents within an economic territory during an accounting period. It is equal to gross domestic product plus earned income receivable from abroad minus earned income payable abroad. The core indicator has been divided by the general population to achieve a per capita estimate. This indicator is expressed in constant prices, meaning the series has been adjusted to account for price changes over time. The reference year for this adjustment is 2021. The PPP conversion factor is a currency conversion factor and a spatial price deflator. PPPs convert different currencies to a common currency and, in the process of conversion, equalize their purchasing power by eliminating the differences in price levels between countries, thereby allowing volume or output comparisons of GDP and its expenditure components.","International Comparison Program (ICP), World Bank (WB), uri: https://www.worldbank.org/en/programs/icp/data, note: This information is for ICP’s PPPs utilized in WDI, publisher: International Comparison Program (ICP), data accessed: May 30, 2024, date published: May 30, 2024;
The Eurostat PPP Programme, Eurostat (ESTAT), uri: https://ec.europa.eu/eurostat/databrowser/explore/all/all_themes, publisher: Eurostat;
The OECD PPP Programme, Organisation for Economic Co-operation and Development (OECD), uri: https://data-explorer.oecd.org/, publisher: OECD;
Staff estimates, World Bank (WB);
National Accounts data files, Organisation for Economic Co-operation and Development (OECD);
World Economic Outlook database, International Monetary Fund (IMF)",Economic Policy & Debt: Purchasing power parity,WDI,Constant 2021 international $,Annual,2021,Weighted average,"Methodology: The International Comparison Program (ICP) estimates PPPs for the world’s countries. The ICP is conducted as a global partnership of countries, multilateral agencies, and academia. The recent 2021 ICP comparison covered 176 countries, including 49 Eurostat-OECD countries. For countries that have not participated in ICP comparisons, the PPP are imputed based on a regression model. ICP estimated PPPs cover years from 2011 to 2021. WDI extrapolates 2011 PPPs for years earlier years, and 2021 PPPs for later years. For the member countries of Eurostat-OECD PPP Programme, PPP conversion factors are periodically updated based on the organizations’ databases. 

National accounts are compiled in accordance with international standards: System of National Accounts, 2008 or 1993 versions. Specific information on how countries compile their national accounts can be found on the IMF website: https://dsbb.imf.org/  Linked series have been smoothed to remove breaks resulting from changes in base years, data sources or compilation methods. The linking is performed using historical nominal growth rates from archived WDI databases.

Statistical concept(s): PPPs are primarily used to convert the national accounts data of economies, such as GDP and its expenditure components, into a common currency.  In the process of conversion, they control for differences in the price levels of economies, and thus equalize purchasing power. PPP-based comparisons of economic output differ from market exchange rate-based comparisons as the latter do not distinguish between the relative price levels of different items in economies. Overall price levels are normally higher in higher-income economies than they are in lower-income economies (Balassa-Samuelson effect), mostly because of the large differences in price levels for non-traded products. If no account is taken of the larger price level differences for non-traded products when converting GDP to a common currency, the size of higher-income economies with high price levels will be overstated and the size of lower-income economies with low price levels will be understated. No distinction is made between traded products and non-traded products when market exchange rates are used to convert GDP to a common currency: the rate is the same for all products. PPP-converted GDP does not have this bias because PPPs account for the different price levels of traded products and non-traded products. Thus, PPPs are more appropriate for comparing the output of economies and the average material well-being of their inhabitants and are also less impacted by the potential volatility of market exchange rates. PPPs are calculated by the International Comparison Program (ICP) based on the prices of goods and services within an economy and national accounts expenditures. 

The conceptual elements of the SNA (System of National Accounts) measure what takes place in the economy, between which agents, and for what purpose. At the heart of the SNA is the production of goods and services. These may be used for consumption in the period to which the accounts relate or may be accumulated for use in a later period. In simple terms, the amount of value added generated by production represents GDP. The income corresponding to GDP is distributed to the various agents or groups of agents as income and it is the process of distributing and redistributing income that allows one agent to consume the goods and services produced by another agent or to acquire goods and services for later consumption. The way in which the SNA captures this pattern of economic flows is to identify the activities concerned by recognizing the institutional units in the economy and by specifying the structure of accounts capturing the transactions relevant to one stage or another of the process by which goods and services are produced and ultimately consumed.","PPPs are used to convert national accounts data from different countries, such as GDP and its expenditure components, into a common currency, while also eliminating the effect of price level differences between countries. PPPs are also used to derive price level indexes (PLIs), the ratio of a country’s PPP to its market exchange rate, to directly compare price levels across countries.
The PPP-based expenditures to which they give rise are primarily used to make spatial comparisons of volume and per capita consumption or levels of GDP and its expenditure components across countries.  PPP-based indicators are used for national, regional, and global policy making and analysis across the socioeconomic spectrum from poverty and inequality, to health and education, to energy and climate, through to economic growth, labor, productivity, trade, competitiveness, and infrastructure. A number of Sustainable Development Goals use PPP-based indicators to measure development progress.

This indicator is related to the national accounts, which are critical for understanding and managing a country's economy. They provide a framework for the analysis of economic performance. National accounts are the basis for estimating the Gross Domestic Product (GDP) and Gross National Income (GNI), which are the most widely used indicator of economic performance. They are essential for government policymakers, providing the data needed to design and assess fiscal and monetary policies; and are also used by businesses and investors to assess the economic climate and make investment decisions. NAS enable comparison between economies, which is crucial for international trade, investment decisions, and economic competitiveness. More specifically, this indicator is related to national accounts aggregates. Gross Domestic Product (GDP), Gross National Income (GNI), and other aggregates provide a snapshot of the size and health of an economy by measuring the total economic activity within a country. They can thus be used by policymakers to design and implement economic policies, as they reflect the overall economic performance and can indicate the need for intervention in certain areas. Aggregates also allow for comparisons between different economies, which can be useful for trade negotiations, investment decisions, and economic benchmarking. By examining aggregates over time, economists and analysts can identify trends, cycles, and potential areas of concern within an economy, and investors can use national accounts aggregates to assess the potential risks and returns of investing in a particular country. Overall, national accounts aggregates are fundamental tools for economic analysis, policy formulation, and decision-making at both the national and international levels.",https://creativecommons.org/licenses/by/4.0/
